receipt_id,gold_items,before_items,after_items,missing_names_before,missing_names_after,extra_names_before,extra_names_after,fields_removed_by_grounding,exact_before,exact_after
0,1,1,1,[],[],[],[],3,False,False
1,3,2,2,['J.STB PROMO'],['J.STB PROMO'],[],[],3,False,False
2,2,2,2,[],[],[],[],2,False,False
3,1,1,1,[],[],[],[],2,True,True
4,3,0,0,"['ICE BLACKCOFFE', 'AVOCADO COFFEE', 'CHIKEN KATSU FF']","['ICE BLACKCOFFE', 'AVOCADO COFFEE', 'CHIKEN KATSU FF']",[],[],0,False,False
5,1,1,1,['TRAD KY TOAST CARTE'],['TRAD KY TOAST CARTE'],['ITEMS 1.00'],['ITEMS 1.00'],0,False,False
6,3,3,2,[],['CHOCO CUS ARD PASTRY'],[],[],4,False,False
7,2,1,1,['Kupon 15'],['Kupon 15'],[],[],0,False,False
8,3,3,2,[],['[REG] BLACK SAKURA'],[],[],4,False,False
9,1,1,0,[],['Bumbu Kaldu Ayam 1'],[],[],4,False,False
10,1,1,1,[],[],[],[],1,True,True
11,1,1,1,[],[],[],[],0,True,True
12,2,2,2,"['BLUS WANITA', 'SHOPPING BAG']","['BLUS WANITA', 'SHOPPING BAG']","['0571-1854 BLUS WANITA', '1002-0060 SHOPPING BAG']","['0571-1854 BLUS WANITA', '1002-0060 SHOPPING BAG']",0,False,False
13,2,2,2,[],[],[],[],2,False,False
14,6,6,6,[],[],[],[],4,False,False
15,2,2,2,[],[],[],[],2,True,True
16,5,5,3,['IVANGGO'],"['IVANGGO', 'IVINERAL WATER (bundling) 5k']",['MANGGO'],[],8,False,False
17,6,6,5,[],['Mozarella Hot Dog'],[],[],5,False,False
18,1,1,1,[],[],[],[],2,False,False
19,2,2,2,[],[],[],[],4,False,False
20,5,5,5,[],[],[],[],6,False,False
21,2,2,2,['ES TEH TAWAR'],['ES TEH TAWAR'],['TEH TAWAR'],['TEH TAWAR'],2,False,False
22,2,2,2,[],[],[],[],2,False,False
23,2,2,2,[],[],[],[],0,False,False
24,3,3,2,[],['5003-Chokoreto Cookies'],[],[],4,False,False
25,3,3,3,[],[],[],[],2,True,True
26,3,3,3,['Nasi Cap Cay Porsi B esar'],['Nasi Cap Cay Porsi B esar'],['Nasi Cap Cay Porsi B'],['Nasi Cap Cay Porsi B'],1,False,False
27,2,2,2,[],[],[],[],4,False,False
28,3,2,2,['SAMGYOPSAL'],['SAMGYOPSAL'],[],[],0,False,False
29,8,7,7,['COLD OCHA'],['COLD OCHA'],[],[],1,False,False
30,1,1,1,[],[],[],[],0,True,True
31,2,2,2,[],[],[],[],2,False,False
